{
  "comments": [
    {
      "text": "yes",
      "timeRange": {
        "start": 1.5847283057838266,
        "end": 25.61322485850895
      },
      "shapeInfo": {
        "shape": {
          "start": {
            "x": 183.47499465942383,
            "y": 214.16253662109375
          },
          "end": {
            "x": 541.8750343322754,
            "y": 324.5625
          }
        }
      },
      "timestamp": "2025-02-22T14:12:02.707Z"
    }
  ]
}