{
  "comments": [
    {
      "text": "yes",
      "timeRange": {
        "start": 0.1877227542201945,
        "end": 12.481371874437821
      },
      "shapeInfo": {
        "shape": {
          "start": {
            "x": 119.47499465942383,
            "y": 68.56250762939453
          },
          "end": {
            "x": 580.2749977111816,
            "y": 227.76251983642578
          }
        }
      },
      "timestamp": "2025-02-22T14:14:43.047Z"
    }
  ]
}